Customer ID,Marriage
1,married
2,married
3,separated
4,divorced
5,divorced
6,divorced
7,married
8,married
9,not married
10,married
11,married
12,married
13,divorced
14,divorced
15,married
16,divorced
17,not married
18,divorced
19,not married
20,separated
21,married
22,divorced
23,not married
24,separated
25,separated
26,divorced
27,divorced
28,separated
29,married
30,married
31,not married
32,married
33,separated
34,separated
35,separated
36,married
37,not married
38,married
39,not married
40,married
41,separated
42,separated
43,divorced
44,married
45,married
46,divorced
47,separated
48,married
49,divorced
50,married
51,not married
52,separated
53,not married
54,separated
55,divorced
56,separated
57,separated
58,divorced
59,separated
60,married
61,divorced
62,divorced
63,divorced
64,not married
65,not married
66,separated
67,divorced
68,separated
69,married
70,divorced
71,married
72,separated
73,not married
74,separated
75,married
76,divorced
77,separated
78,divorced
79,not married
80,not married
81,not married
82,divorced
83,separated
84,divorced
85,divorced
86,separated
87,not married
88,not married
89,separated
90,divorced
91,divorced
92,not married
93,married
94,married
95,married
96,divorced
97,divorced
98,not married
99,married
100,not married
101,not married
102,not married
103,separated
104,married
105,married
106,separated
107,separated
108,married
109,separated
110,not married
111,divorced
112,not married
113,married
114,separated
115,divorced
116,married
117,separated
118,divorced
119,divorced
120,separated
121,divorced
122,married
123,separated
124,not married
125,married
126,married
127,separated
128,separated
129,divorced
130,married
131,divorced
132,married
133,married
134,not married
135,married
136,divorced
137,divorced
138,not married
139,divorced
140,separated
141,not married
142,divorced
143,divorced
144,separated
145,not married
146,separated
147,not married
148,not married
149,married
150,divorced
151,divorced
152,married
153,separated
154,married
155,divorced
156,divorced
157,married
158,married
159,married
160,divorced
161,married
162,married
163,separated
164,married
165,divorced
166,separated
167,not married
168,divorced
169,divorced
170,not married
171,divorced
172,not married
173,not married
174,divorced
175,married
176,married
177,not married
178,separated
179,not married
180,not married
181,not married
182,married
183,married
184,married
185,not married
186,separated
187,married
188,divorced
189,divorced
190,divorced
191,not married
192,divorced
193,not married
194,divorced
195,separated
196,not married
197,divorced
198,married
199,not married
200,married
201,married
202,married
203,married
204,divorced
205,divorced
206,not married
207,not married
208,not married
209,divorced
210,not married
211,married
212,divorced
213,not married
214,married
215,not married
216,separated
217,not married
218,separated
219,not married
220,not married
221,divorced
222,divorced
223,separated
224,divorced
225,married
226,married
227,separated
228,married
229,married
230,not married
231,divorced
232,married
233,married
234,divorced
235,married
236,married
237,divorced
238,not married
239,married
240,divorced
241,married
242,married
243,not married
244,separated
245,separated
246,divorced
247,separated
248,divorced
249,separated
250,not married
251,divorced
252,separated
253,not married
254,separated
255,married
256,married
257,not married
258,married
259,married
260,divorced
261,separated
262,divorced
263,separated
264,married
265,divorced
266,separated
267,separated
268,divorced
269,not married
270,separated
271,married
272,separated
273,married
274,divorced
275,separated
276,married
277,married
278,divorced
279,separated
280,separated
281,divorced
282,separated
283,divorced
284,separated
285,not married
286,separated
287,married
288,married
289,not married
290,separated
291,married
292,married
293,separated
294,divorced
295,separated
296,divorced
297,not married
298,not married
299,married
300,married
301,married
302,divorced
303,married
304,separated
305,divorced
306,not married
307,divorced
308,married
309,separated
310,separated
311,married
312,separated
313,divorced
314,divorced
315,married
316,separated
317,not married
318,divorced
319,divorced
320,divorced
321,divorced
322,not married
323,married
324,divorced
325,separated
326,not married
327,divorced
328,separated
329,divorced
330,married
331,not married
332,married
333,not married
334,divorced
335,divorced
336,not married
337,separated
338,separated
339,divorced
340,divorced
341,married
342,divorced
343,not married
344,separated
345,separated
346,married
347,separated
348,separated
349,not married
350,separated
351,married
352,married
353,separated
354,divorced
355,separated
356,married
357,married
358,not married
359,separated
360,separated
361,not married
362,married
363,not married
364,divorced
365,separated
366,married
367,not married
368,married
369,divorced
370,separated
371,not married
372,married
373,separated
374,separated
375,married
376,separated
377,separated
378,not married
379,separated
380,not married
381,separated
382,divorced
383,divorced
384,not married
385,not married
386,divorced
387,separated
388,not married
389,married
390,separated
391,separated
392,divorced
393,not married
394,separated
395,not married
396,not married
397,not married
398,divorced
399,not married
400,divorced
401,married
402,separated
403,separated
404,married
405,divorced
406,separated
407,divorced
408,divorced
409,divorced
410,married
411,married
412,divorced
413,not married
414,married
415,not married
416,not married
417,divorced
418,not married
419,not married
420,not married
421,divorced
422,divorced
423,married
424,married
425,not married
426,divorced
427,divorced
428,not married
429,married
430,divorced
431,married
432,not married
433,divorced
434,not married
435,separated
436,not married
437,not married
438,not married
439,divorced
440,not married
441,not married
442,separated
443,divorced
444,separated
445,not married
446,divorced
447,separated
448,not married
449,married
450,separated
451,divorced
452,separated
453,separated
454,separated
455,married
456,divorced
457,divorced
458,divorced
459,not married
460,divorced
461,divorced
462,married
463,not married
464,not married
465,separated
466,not married
467,not married
468,married
469,divorced
470,not married
471,not married
472,married
473,not married
474,not married
475,married
476,separated
477,separated
478,not married
479,not married
480,divorced
481,not married
482,divorced
483,separated
484,not married
485,not married
486,married
487,not married
488,separated
489,not married
490,divorced
491,not married
492,divorced
493,married
494,not married
495,married
496,married
497,not married
498,divorced
499,not married
500,divorced
501,married
502,separated
503,not married
504,separated
505,divorced
506,not married
507,separated
508,separated
509,not married
510,separated
511,not married
512,separated
513,married
514,not married
515,married
516,married
517,separated
518,divorced
519,married
520,married
521,married
522,divorced
523,divorced
524,married
525,divorced
526,divorced
527,divorced
528,not married
529,married
530,divorced
531,not married
532,separated
533,separated
534,divorced
535,married
536,divorced
537,separated
538,married
539,married
540,separated
541,not married
542,not married
543,divorced
544,married
545,divorced
546,married
547,separated
548,married
549,married
550,separated
551,not married
552,separated
553,married
554,separated
555,married
556,not married
557,not married
558,married
559,not married
560,separated
561,not married
562,divorced
563,not married
564,divorced
565,separated
566,not married
567,not married
568,not married
569,separated
570,separated
571,divorced
572,married
573,separated
574,not married
575,divorced
576,not married
577,not married
578,separated
579,married
580,not married
581,separated
582,divorced
583,not married
584,divorced
585,separated
586,separated
587,separated
588,separated
589,separated
590,married
591,divorced
592,married
593,divorced
594,not married
595,not married
596,divorced
597,not married
598,not married
599,not married
600,married
601,married
602,separated
603,divorced
604,not married
605,divorced
606,separated
607,separated
608,not married
609,separated
610,not married
611,separated
612,separated
613,not married
614,separated
615,separated
616,separated
617,divorced
618,married
619,divorced
620,separated
621,married
622,divorced
623,divorced
624,divorced
625,not married
626,separated
627,separated
628,married
629,divorced
630,separated
631,divorced
632,separated
633,divorced
634,separated
635,married
636,divorced
637,separated
638,married
639,married
640,separated
641,divorced
642,not married
643,married
644,married
645,separated
646,not married
647,not married
648,not married
649,separated
650,divorced
651,married
652,separated
653,not married
654,married
655,married
656,not married
657,not married
658,married
659,married
660,divorced
661,divorced
662,separated
663,married
664,divorced
665,married
666,not married
667,divorced
668,not married
669,not married
670,not married
671,separated
672,not married
673,separated
674,married
675,married
676,divorced
677,divorced
678,separated
679,married
680,divorced
681,divorced
682,divorced
683,married
684,divorced
685,married
686,not married
687,not married
688,not married
689,separated
690,married
691,divorced
692,separated
693,separated
694,not married
695,married
696,divorced
697,separated
698,divorced
699,not married
700,married
701,divorced
702,divorced
703,separated
704,divorced
705,married
706,married
707,divorced
708,separated
709,separated
710,not married
711,married
712,not married
713,separated
714,not married
715,separated
716,not married
717,not married
718,married
719,married
720,not married
721,separated
722,separated
723,married
724,married
725,divorced
726,married
727,separated
728,married
729,divorced
730,not married
731,not married
732,separated
733,divorced
734,not married
735,not married
736,married
737,not married
738,separated
739,not married
740,separated
741,separated
742,married
743,divorced
744,separated
745,not married
746,not married
747,separated
748,not married
749,married
750,not married
751,married
752,separated
753,separated
754,separated
755,married
756,not married
757,married
758,not married
759,not married
760,married
761,divorced
762,separated
763,not married
764,not married
765,married
766,divorced
767,separated
768,divorced
769,separated
770,not married
771,not married
772,married
773,married
774,divorced
775,divorced
776,separated
777,married
778,not married
779,married
780,divorced
781,married
782,not married
783,married
784,divorced
785,not married
786,separated
787,separated
788,not married
789,not married
790,not married
791,divorced
792,not married
793,divorced
794,not married
795,divorced
796,divorced
797,married
798,separated
799,not married
800,separated
801,separated
802,married
803,separated
804,separated
805,not married
806,divorced
807,not married
808,not married
809,separated
810,separated
811,not married
812,not married
813,separated
814,divorced
815,divorced
816,not married
817,divorced
818,not married
819,married
820,separated
821,not married
822,not married
823,not married
824,divorced
825,not married
826,married
827,divorced
828,separated
829,married
830,not married
831,married
832,not married
833,married
834,divorced
835,not married
836,divorced
837,married
838,not married
839,separated
840,separated
841,not married
842,married
843,separated
844,not married
845,separated
846,not married
847,married
848,married
849,divorced
850,separated
851,divorced
852,married
853,not married
854,married
855,married
856,not married
857,divorced
858,separated
859,married
860,married
861,separated
862,married
863,separated
864,separated
865,separated
866,not married
867,divorced
868,divorced
869,not married
870,divorced
871,divorced
872,divorced
873,married
874,not married
875,divorced
876,not married
877,divorced
878,divorced
879,not married
880,separated
881,not married
882,separated
883,married
884,not married
885,separated
886,divorced
887,married
888,not married
889,separated
890,separated
891,not married
892,separated
893,not married
894,separated
895,divorced
896,not married
897,not married
898,married
899,divorced
900,not married
901,separated
902,separated
903,separated
904,married
905,not married
906,separated
907,married
908,married
909,not married
910,separated
911,divorced
912,separated
913,divorced
914,divorced
915,separated
916,divorced
917,married
918,married
919,separated
920,not married
921,married
922,separated
923,divorced
924,married
925,separated
926,separated
927,not married
928,divorced
929,divorced
930,divorced
931,separated
932,separated
933,divorced
934,separated
935,not married
936,separated
937,separated
938,married
939,not married
940,married
941,divorced
942,divorced
943,not married
944,separated
945,married
946,not married
947,married
948,separated
949,married
950,not married
951,separated
952,separated
953,not married
954,separated
955,married
956,divorced
957,not married
958,married
959,separated
960,divorced
961,married
962,not married
963,separated
964,not married
965,married
966,divorced
967,married
968,married
969,separated
970,not married
971,married
972,married
973,divorced
974,divorced
975,not married
976,not married
977,separated
978,not married
979,divorced
980,not married
981,married
982,not married
983,not married
984,separated
985,married
986,separated
987,divorced
988,not married
989,not married
990,divorced
991,separated
992,married
993,separated
994,separated
995,married
996,not married
997,separated
998,divorced
999,married
1000,not married
1001,married
1002,divorced
1003,married
1004,married
1005,separated
1006,divorced
1007,divorced
1008,divorced
1009,married
1010,divorced
1011,divorced
1012,divorced
1013,separated
1014,divorced
1015,married
1016,separated
1017,divorced
1018,divorced
1019,separated
1020,divorced
1021,married
1022,married
1023,divorced
1024,married
1025,separated
1026,divorced
1027,separated
1028,married
1029,divorced
1030,separated
1031,married
1032,divorced
1033,not married
1034,married
1035,married
1036,not married
1037,not married
1038,separated
1039,married
1040,not married
1041,divorced
1042,married
1043,separated
1044,not married
1045,married
1046,married
1047,not married
1048,not married
1049,not married
1050,married
1051,not married
1052,not married
1053,married
1054,married
1055,separated
1056,divorced
1057,married
1058,divorced
1059,separated
1060,separated
1061,not married
1062,separated
1063,not married
1064,not married
1065,married
1066,married
1067,divorced
1068,not married
1069,not married
1070,divorced
1071,not married
1072,separated
1073,not married
1074,not married
1075,not married
1076,married
1077,separated
1078,not married
1079,separated
1080,separated
1081,separated
1082,divorced
1083,not married
1084,married
1085,married
1086,married
1087,married
1088,not married
1089,married
1090,separated
1091,divorced
1092,married
1093,separated
1094,married
1095,not married
1096,separated
1097,not married
1098,married
1099,separated
1100,separated
1101,separated
1102,married
1103,divorced
1104,divorced
1105,not married
1106,divorced
1107,married
1108,separated
1109,separated
1110,married
1111,separated
1112,divorced
1113,not married
1114,married
1115,separated
1116,married
1117,divorced
1118,separated
1119,separated
1120,separated
1121,separated
1122,married
1123,divorced
1124,divorced
1125,not married
1126,married
1127,divorced
1128,married
1129,married
1130,divorced
1131,not married
1132,not married
1133,not married
1134,separated
1135,divorced
1136,separated
1137,separated
1138,separated
1139,married
1140,married
1141,divorced
1142,divorced
1143,married
1144,married
1145,separated
1146,not married
1147,not married
1148,not married
1149,not married
1150,not married
1151,separated
1152,divorced
1153,married
1154,separated
1155,not married
1156,married
1157,separated
1158,not married
1159,separated
1160,married
1161,divorced
1162,not married
1163,married
1164,married
1165,divorced
1166,separated
1167,divorced
1168,divorced
1169,separated
1170,separated
1171,separated
1172,married
1173,married
1174,not married
1175,not married
1176,divorced
1177,divorced
1178,not married
1179,divorced
1180,separated
1181,married
1182,not married
1183,married
1184,not married
1185,married
1186,not married
1187,married
1188,separated
1189,not married
1190,not married
1191,not married
1192,separated
1193,married
1194,not married
1195,married
1196,separated
1197,divorced
1198,not married
1199,separated
1200,married
1201,not married
1202,married
1203,divorced
1204,not married
1205,not married
1206,married
1207,not married
1208,separated
1209,separated
1210,divorced
1211,separated
1212,divorced
1213,married
1214,married
1215,divorced
1216,separated
1217,separated
1218,divorced
1219,divorced
1220,married
1221,divorced
1222,separated
1223,divorced
1224,divorced
1225,divorced
1226,married
1227,divorced
1228,not married
1229,not married
1230,not married
1231,separated
1232,separated
1233,divorced
1234,not married
1235,married
1236,not married
1237,not married
1238,separated
1239,separated
1240,married
1241,separated
1242,married
1243,separated
1244,not married
1245,not married
1246,married
1247,married
1248,separated
1249,separated
1250,married
1251,married
1252,not married
1253,not married
1254,married
1255,not married
1256,divorced
1257,separated
1258,not married
1259,divorced
1260,married
1261,not married
1262,married
1263,separated
1264,married
1265,divorced
1266,married
1267,divorced
1268,not married
1269,not married
1270,divorced
1271,separated
1272,separated
1273,separated
1274,not married
1275,not married
1276,separated
1277,married
1278,separated
1279,married
1280,separated
1281,married
1282,not married
1283,separated
1284,separated
1285,divorced
1286,separated
1287,married
1288,divorced
1289,separated
1290,separated
1291,not married
1292,divorced
1293,married
1294,separated
1295,not married
1296,separated
1297,divorced
1298,married
1299,not married
1300,separated
1301,married
1302,separated
1303,separated
1304,divorced
1305,divorced
1306,separated
1307,not married
1308,divorced
1309,divorced
1310,divorced
1311,divorced
1312,married
1313,separated
1314,married
1315,married
1316,separated
1317,divorced
1318,not married
1319,divorced
1320,divorced
1321,divorced
1322,divorced
1323,not married
1324,married
1325,not married
1326,separated
1327,divorced
1328,not married
1329,separated
1330,not married
1331,divorced
1332,divorced
1333,separated
1334,not married
1335,divorced
1336,separated
1337,not married
1338,not married
1339,separated
1340,not married
1341,not married
1342,divorced
1343,divorced
1344,divorced
1345,separated
1346,married
1347,not married
1348,separated
1349,married
1350,married
1351,separated
1352,married
1353,divorced
1354,separated
1355,not married
1356,divorced
1357,not married
1358,married
1359,divorced
1360,not married
1361,separated
1362,married
1363,not married
1364,married
1365,not married
1366,separated
1367,divorced
1368,not married
1369,married
1370,separated
1371,divorced
1372,married
1373,separated
1374,married
1375,separated
1376,divorced
1377,divorced
1378,married
1379,separated
1380,not married
1381,divorced
1382,not married
1383,not married
1384,married
1385,married
1386,married
1387,separated
1388,divorced
1389,divorced
1390,not married
1391,married
1392,separated
1393,divorced
1394,separated
1395,married
1396,married
1397,divorced
1398,not married
1399,not married
1400,married
1401,married
1402,not married
1403,married
1404,divorced
1405,divorced
1406,separated
1407,not married
1408,married
1409,separated
1410,divorced
1411,not married
1412,divorced
1413,married
1414,separated
1415,married
1416,married
1417,not married
1418,not married
1419,married
1420,not married
1421,separated
1422,separated
1423,married
1424,separated
1425,married
1426,separated
1427,divorced
1428,married
1429,separated
1430,divorced
1431,married
1432,separated
1433,separated
1434,divorced
1435,not married
1436,not married
1437,divorced
1438,divorced
1439,married
1440,not married
1441,married
1442,separated
1443,divorced
1444,married
1445,divorced
1446,married
1447,separated
1448,separated
1449,not married
1450,not married
1451,separated
1452,married
1453,divorced
1454,separated
1455,separated
1456,married
1457,separated
1458,separated
1459,married
1460,separated
1461,not married
1462,not married
1463,not married
1464,not married
1465,separated
1466,divorced
1467,not married
1468,not married
1469,separated
1470,separated
1471,married
1472,not married
1473,married
1474,not married
1475,divorced
1476,separated
1477,separated
1478,married
1479,married
1480,separated
1481,separated
1482,separated
1483,not married
1484,not married
1485,divorced
1486,not married
1487,separated
1488,not married
1489,married
1490,separated
1491,not married
1492,separated
1493,married
1494,married
1495,not married
1496,separated
1497,divorced
1498,married
1499,divorced
1500,not married
1501,married
1502,divorced
1503,married
1504,divorced
1505,separated
1506,separated
1507,not married
1508,married
1509,divorced
1510,not married
1511,separated
1512,separated
1513,not married
1514,married
1515,divorced
1516,separated
1517,not married
1518,separated
1519,separated
1520,divorced
1521,married
1522,married
1523,divorced
1524,not married
1525,not married
1526,married
1527,separated
1528,separated
1529,not married
1530,divorced
1531,separated
1532,not married
1533,divorced
1534,married
1535,divorced
1536,married
1537,not married
1538,divorced
1539,not married
1540,married
1541,separated
1542,separated
1543,married
1544,separated
1545,separated
1546,divorced
1547,divorced
1548,separated
1549,divorced
1550,married
1551,divorced
1552,divorced
1553,divorced
1554,not married
1555,married
1556,separated
1557,separated
1558,not married
1559,divorced
1560,married
1561,married
1562,separated
1563,not married
1564,not married
1565,not married
1566,not married
1567,married
1568,divorced
1569,separated
1570,married
1571,not married
1572,not married
1573,separated
1574,divorced
1575,divorced
1576,divorced
1577,not married
1578,married
1579,married
1580,divorced
1581,separated
1582,divorced
1583,divorced
1584,separated
1585,divorced
1586,separated
1587,separated
1588,married
1589,separated
1590,divorced
1591,separated
1592,divorced
1593,separated
1594,married
1595,divorced
1596,divorced
1597,divorced
1598,separated
1599,married
1600,married
1601,married
1602,married
1603,separated
1604,divorced
1605,not married
1606,married
1607,not married
1608,separated
1609,separated
1610,not married
1611,divorced
1612,not married
1613,separated
1614,not married
1615,married
1616,married
1617,divorced
1618,not married
1619,not married
1620,not married
1621,not married
1622,divorced
1623,separated
1624,divorced
1625,separated
1626,separated
1627,separated
1628,not married
1629,divorced
1630,separated
1631,married
1632,separated
1633,divorced
1634,not married
1635,married
1636,separated
1637,not married
1638,divorced
1639,divorced
1640,married
1641,married
1642,separated
1643,not married
1644,not married
1645,divorced
1646,divorced
1647,separated
1648,separated
1649,divorced
1650,divorced
1651,not married
1652,not married
1653,not married
1654,separated
1655,not married
1656,married
1657,married
1658,not married
1659,not married
1660,divorced
1661,divorced
1662,separated
1663,married
1664,married
1665,separated
1666,not married
1667,not married
1668,separated
1669,married
1670,married
1671,not married
1672,divorced
1673,separated
1674,separated
1675,not married
1676,separated
1677,married
1678,not married
1679,married
1680,divorced
1681,separated
1682,separated
1683,married
1684,not married
1685,not married
1686,separated
1687,married
1688,divorced
1689,married
1690,not married
1691,separated
1692,separated
1693,separated
1694,divorced
1695,divorced
1696,not married
1697,married
1698,married
1699,married
1700,divorced
1701,separated
1702,not married
1703,not married
1704,divorced
1705,divorced
1706,separated
1707,separated
1708,divorced
1709,not married
1710,separated
1711,separated
1712,not married
1713,separated
1714,not married
1715,married
1716,separated
1717,separated
1718,married
1719,not married
1720,separated
1721,married
1722,not married
1723,separated
1724,divorced
1725,married
1726,not married
1727,divorced
1728,not married
1729,divorced
1730,divorced
1731,married
1732,married
1733,divorced
1734,married
1735,not married
1736,separated
1737,not married
1738,divorced
1739,not married
1740,divorced
1741,not married
1742,not married
1743,married
1744,divorced
1745,divorced
1746,separated
1747,not married
1748,not married
1749,separated
1750,divorced
1751,not married
1752,separated
1753,separated
1754,separated
1755,not married
1756,divorced
1757,divorced
1758,separated
1759,separated
1760,divorced
1761,separated
1762,separated
1763,divorced
1764,not married
1765,separated
1766,not married
1767,separated
1768,separated
1769,separated
1770,married
1771,not married
1772,not married
1773,separated
1774,divorced
1775,separated
1776,married
1777,separated
1778,married
1779,separated
1780,not married
1781,separated
1782,not married
1783,divorced
1784,divorced
1785,separated
1786,separated
1787,divorced
1788,married
1789,divorced
1790,divorced
1791,married
1792,divorced
1793,divorced
1794,married
1795,married
1796,not married
1797,separated
1798,not married
1799,married
1800,divorced
1801,married
1802,divorced
1803,not married
1804,not married
1805,not married
1806,divorced
1807,separated
1808,separated
1809,separated
1810,married
1811,married
1812,divorced
1813,married
1814,divorced
1815,not married
1816,divorced
1817,married
1818,not married
1819,not married
1820,divorced
1821,separated
1822,married
1823,married
1824,separated
1825,married
1826,separated
1827,separated
1828,not married
1829,not married
1830,divorced
1831,not married
1832,separated
1833,divorced
1834,married
1835,separated
1836,divorced
1837,not married
1838,separated
1839,divorced
1840,married
1841,separated
1842,separated
1843,divorced
1844,divorced
1845,not married
1846,not married
1847,separated
1848,married
1849,not married
1850,married
1851,divorced
1852,divorced
1853,not married
1854,separated
1855,divorced
1856,married
1857,separated
1858,not married
1859,divorced
1860,not married
1861,separated
1862,separated
1863,separated
1864,married
1865,separated
1866,separated
1867,divorced
1868,married
1869,married
1870,not married
1871,separated
1872,divorced
1873,not married
1874,separated
1875,married
1876,separated
1877,separated
1878,divorced
1879,divorced
1880,divorced
1881,not married
1882,divorced
1883,not married
1884,separated
1885,not married
1886,not married
1887,divorced
1888,divorced
1889,married
1890,not married
1891,separated
1892,married
1893,married
1894,married
1895,divorced
1896,divorced
1897,divorced
1898,separated
1899,not married
1900,married
1901,divorced
1902,not married
1903,married
1904,not married
1905,married
1906,not married
1907,divorced
1908,not married
1909,not married
1910,married
1911,not married
1912,separated
1913,married
1914,not married
1915,separated
1916,married
1917,divorced
1918,married
1919,married
1920,not married
1921,separated
1922,married
1923,married
1924,married
1925,not married
1926,married
1927,separated
1928,not married
1929,divorced
1930,divorced
1931,not married
1932,separated
1933,not married
1934,not married
1935,not married
1936,not married
1937,married
1938,divorced
1939,separated
1940,married
1941,divorced
1942,not married
1943,divorced
1944,divorced
1945,married
1946,married
1947,separated
1948,not married
1949,not married
1950,not married
1951,divorced
1952,divorced
1953,not married
1954,separated
1955,divorced
1956,separated
1957,divorced
1958,married
1959,married
1960,not married
1961,married
1962,divorced
1963,divorced
1964,married
1965,married
1966,married
1967,not married
1968,married
1969,divorced
1970,married
1971,not married
1972,not married
1973,divorced
1974,divorced
1975,married
1976,divorced
1977,separated
1978,divorced
1979,separated
1980,separated
1981,divorced
1982,separated
1983,divorced
1984,divorced
1985,not married
1986,separated
1987,separated
1988,married
1989,divorced
1990,not married
1991,not married
1992,married
1993,separated
1994,not married
1995,separated
1996,not married
1997,not married
1998,divorced
1999,separated
2000,not married
2001,divorced
2002,not married
2003,divorced
2004,divorced
2005,separated
2006,divorced
2007,not married
2008,married
2009,not married
2010,not married
2011,divorced
2012,not married
2013,divorced
2014,separated
2015,divorced
2016,separated
2017,married
2018,not married
2019,separated
2020,married
2021,divorced
2022,married
2023,separated
2024,not married
2025,married
2026,married
2027,divorced
2028,divorced
2029,not married
2030,divorced
2031,separated
2032,separated
2033,married
2034,divorced
2035,divorced
2036,married
2037,not married
2038,divorced
2039,divorced
2040,not married
2041,divorced
2042,separated
2043,separated
2044,not married
2045,not married
2046,separated
2047,separated
2048,separated
2049,separated
2050,not married
2051,not married
2052,married
2053,not married
2054,separated
2055,divorced
2056,separated
2057,separated
2058,not married
2059,married
2060,divorced
2061,divorced
2062,married
2063,separated
2064,not married
2065,separated
2066,divorced
2067,divorced
2068,separated
2069,divorced
2070,not married
2071,divorced
2072,not married
2073,separated
2074,separated
2075,not married
2076,not married
2077,not married
2078,divorced
2079,separated
2080,divorced
2081,divorced
2082,not married
2083,divorced
2084,married
2085,married
2086,married
2087,married
2088,married
2089,not married
2090,divorced
2091,divorced
2092,married
2093,divorced
2094,married
2095,divorced
2096,not married
2097,separated
2098,married
2099,not married
2100,not married
2101,married
2102,married
2103,not married
2104,married
2105,married
2106,separated
2107,separated
2108,married
2109,not married
2110,divorced
2111,married
2112,married
2113,divorced
2114,divorced
2115,divorced
2116,separated
2117,separated
2118,separated
2119,not married
2120,married
2121,separated
2122,not married
2123,not married
2124,divorced
2125,divorced
2126,separated
2127,married
2128,married
2129,married
2130,not married
2131,not married
2132,not married
2133,not married
2134,married
2135,married
2136,divorced
2137,married
2138,not married
2139,not married
2140,separated
2141,married
2142,married
2143,divorced
2144,divorced
2145,not married
2146,separated
2147,married
2148,married
2149,separated
2150,married
2151,divorced
2152,separated
2153,married
2154,divorced
2155,divorced
2156,not married
2157,married
2158,separated
2159,divorced
2160,divorced
2161,not married
2162,separated
2163,not married
2164,divorced
2165,married
2166,separated
2167,married
2168,married
2169,not married
2170,divorced
2171,married
2172,separated
2173,not married
2174,separated
2175,married
2176,separated
2177,not married
2178,not married
2179,divorced
2180,separated
2181,not married
2182,not married
2183,divorced
2184,not married
2185,married
2186,separated
2187,divorced
2188,married
2189,married
2190,separated
2191,divorced
2192,not married
2193,divorced
2194,not married
2195,separated
2196,separated
2197,married
2198,married
2199,married
2200,separated
2201,not married
2202,separated
2203,separated
2204,married
2205,divorced
2206,married
2207,divorced
2208,not married
2209,not married
2210,not married
2211,married
2212,married
2213,married
2214,separated
2215,married
2216,separated
2217,not married
2218,married
2219,separated
2220,not married
2221,not married
2222,married
2223,divorced
2224,divorced
2225,not married
2226,divorced
2227,divorced
2228,separated
2229,separated
2230,separated
2231,not married
2232,divorced
2233,married
2234,divorced
2235,not married
2236,separated
2237,not married
2238,separated
2239,not married
2240,married
2241,separated
2242,separated
2243,divorced
2244,not married
2245,divorced
2246,not married
2247,married
2248,divorced
2249,separated
2250,married
2251,not married
2252,separated
2253,not married
2254,separated
2255,not married
2256,separated
2257,not married
2258,divorced
2259,separated
2260,separated
2261,divorced
2262,not married
2263,separated
2264,divorced
2265,not married
2266,separated
2267,separated
2268,not married
2269,divorced
2270,separated
2271,not married
2272,separated
2273,not married
2274,separated
2275,married
2276,divorced
2277,divorced
2278,married
2279,not married
2280,divorced
2281,not married
2282,separated
2283,married
2284,not married
2285,not married
2286,divorced
2287,separated
2288,divorced
2289,separated
2290,divorced
2291,not married
2292,not married
2293,married
2294,not married
2295,not married
2296,not married
2297,not married
2298,married
2299,separated
2300,married
2301,married
2302,divorced
2303,separated
2304,divorced
2305,married
2306,not married
2307,separated
2308,not married
2309,married
2310,married
2311,married
2312,separated
2313,divorced
2314,divorced
2315,not married
2316,separated
2317,not married
2318,not married
2319,divorced
2320,separated
2321,married
2322,not married
2323,married
2324,separated
2325,not married
2326,married
2327,married
2328,divorced
2329,separated
2330,separated
2331,separated
2332,not married
2333,divorced
2334,not married
2335,separated
2336,not married
2337,married
2338,not married
2339,not married
2340,separated
2341,married
2342,separated
2343,married
2344,married
2345,married
2346,separated
2347,married
2348,divorced
2349,divorced
2350,divorced
2351,divorced
2352,separated
2353,not married
2354,not married
2355,divorced
2356,not married
2357,divorced
2358,divorced
2359,not married
2360,not married
2361,married
2362,divorced
2363,not married
2364,not married
2365,not married
2366,married
2367,divorced
2368,divorced
2369,separated
2370,married
2371,married
2372,divorced
2373,separated
2374,separated
2375,divorced
2376,not married
2377,married
2378,separated
2379,not married
2380,separated
2381,not married
2382,not married
2383,married
2384,separated
2385,separated
2386,not married
2387,divorced
2388,separated
2389,married
2390,divorced
2391,separated
2392,married
2393,divorced
2394,separated
2395,married
2396,divorced
2397,separated
2398,divorced
2399,not married
2400,not married
2401,divorced
2402,not married
2403,not married
2404,divorced
2405,not married
2406,divorced
2407,divorced
2408,not married
2409,separated
2410,divorced
2411,divorced
2412,separated
2413,not married
2414,married
2415,separated
2416,married
2417,not married
2418,divorced
2419,divorced
2420,not married
2421,not married
2422,not married
2423,not married
2424,not married
2425,not married
2426,not married
2427,divorced
2428,married
2429,married
2430,divorced
2431,separated
2432,married
2433,separated
2434,divorced
2435,separated
2436,divorced
2437,not married
2438,not married
2439,married
2440,married
2441,separated
2442,separated
2443,married
2444,not married
2445,divorced
2446,not married
2447,married
2448,divorced
2449,separated
2450,married
2451,not married
2452,separated
2453,separated
2454,married
2455,not married
2456,married
2457,divorced
2458,divorced
2459,separated
2460,not married
2461,divorced
2462,divorced
2463,divorced
2464,divorced
2465,married
2466,separated
2467,separated
2468,divorced
2469,separated
2470,separated
2471,separated
2472,separated
2473,married
2474,divorced
2475,not married
2476,married
2477,separated
2478,divorced
2479,divorced
2480,divorced
2481,divorced
2482,separated
2483,divorced
2484,not married
2485,not married
2486,divorced
2487,separated
2488,not married
2489,not married
2490,not married
2491,married
2492,married
2493,not married
2494,separated
2495,separated
2496,not married
2497,not married
2498,separated
2499,married
2500,married
