Customer ID,Favorite social network
1,Instagram
2,Instagram
3,X
4,Facebook
5,Facebook
6,Facebook
7,Instagram
8,Telegram
9,Instagram
10,Telegram
11,Reddit
12,Instagram
13,Instagram
14,Instagram
15,Facebook
16,Facebook
17,Telegram
18,Telegram
19,Instagram
20,Telegram
21,Facebook
22,Telegram
23,Reddit
24,Facebook
25,Reddit
26,Telegram
27,X
28,Instagram
29,Facebook
30,Reddit
31,X
32,X
33,Facebook
34,Facebook
35,X
36,Instagram
37,Instagram
38,Reddit
39,Instagram
40,X
41,X
42,Telegram
43,X
44,Instagram
45,Reddit
46,Telegram
47,Instagram
48,Reddit
49,Instagram
50,Telegram
51,X
52,Telegram
53,X
54,Telegram
55,Facebook
56,Instagram
57,Instagram
58,Facebook
59,X
60,Instagram
61,Facebook
62,Instagram
63,Reddit
64,X
65,Reddit
66,X
67,Facebook
68,X
69,X
70,Facebook
71,X
72,Instagram
73,Telegram
74,Facebook
75,Telegram
76,Facebook
77,Facebook
78,Reddit
79,Reddit
80,X
81,Telegram
82,Facebook
83,X
84,Instagram
85,Facebook
86,Instagram
87,X
88,Reddit
89,X
90,Instagram
91,Facebook
92,Telegram
93,X
94,Facebook
95,Reddit
96,Reddit
97,Reddit
98,Facebook
99,X
100,Facebook
101,Facebook
102,Telegram
103,Telegram
104,X
105,Telegram
106,Reddit
107,Telegram
108,Reddit
109,X
110,Facebook
111,Facebook
112,Telegram
113,Reddit
114,Instagram
115,Instagram
116,Instagram
117,Facebook
118,Facebook
119,Reddit
120,Telegram
121,Instagram
122,Reddit
123,Reddit
124,Telegram
125,Reddit
126,Telegram
127,X
128,Telegram
129,Instagram
130,Instagram
131,Telegram
132,X
133,X
134,Instagram
135,X
136,Reddit
137,Facebook
138,Reddit
139,Instagram
140,X
141,Telegram
142,Facebook
143,Telegram
144,Instagram
145,X
146,Telegram
147,Telegram
148,Facebook
149,Facebook
150,X
151,Facebook
152,Telegram
153,Telegram
154,Instagram
155,Telegram
156,X
157,Reddit
158,Instagram
159,Instagram
160,X
161,X
162,Facebook
163,Instagram
164,Facebook
165,Telegram
166,Instagram
167,Instagram
168,Reddit
169,Instagram
170,Telegram
171,Facebook
172,Facebook
173,Reddit
174,Telegram
175,Facebook
176,X
177,Telegram
178,Telegram
179,Reddit
180,Facebook
181,Telegram
182,Facebook
183,X
184,Reddit
185,X
186,Reddit
187,Telegram
188,Reddit
189,Instagram
190,Facebook
191,Facebook
192,Instagram
193,X
194,Instagram
195,Telegram
196,Telegram
197,Facebook
198,Telegram
199,Facebook
200,Instagram
201,Instagram
202,Instagram
203,Facebook
204,Instagram
205,Instagram
206,X
207,Instagram
208,Telegram
209,Facebook
210,X
211,Reddit
212,Facebook
213,Telegram
214,Facebook
215,Telegram
216,Telegram
217,Reddit
218,Facebook
219,Reddit
220,Reddit
221,Facebook
222,Instagram
223,Instagram
224,Reddit
225,X
226,Reddit
227,Reddit
228,Reddit
229,Instagram
230,Instagram
231,Instagram
232,Reddit
233,X
234,Instagram
235,Facebook
236,Facebook
237,Facebook
238,Telegram
239,Reddit
240,Facebook
241,Reddit
242,Facebook
243,X
244,Reddit
245,Facebook
246,Instagram
247,Reddit
248,Telegram
249,Instagram
250,Instagram
251,Telegram
252,Instagram
253,Instagram
254,Facebook
255,Facebook
256,Reddit
257,Reddit
258,Reddit
259,Facebook
260,Reddit
261,Instagram
262,Facebook
263,Reddit
264,Instagram
265,Reddit
266,X
267,Reddit
268,X
269,Reddit
270,Telegram
271,Reddit
272,Facebook
273,Facebook
274,X
275,Facebook
276,Instagram
277,Telegram
278,Telegram
279,Instagram
280,X
281,Instagram
282,Instagram
283,Telegram
284,Reddit
285,Telegram
286,Telegram
287,Facebook
288,Instagram
289,Telegram
290,Instagram
291,Facebook
292,Instagram
293,Telegram
294,Instagram
295,Facebook
296,Reddit
297,Instagram
298,Telegram
299,Facebook
300,Telegram
301,Telegram
302,Instagram
303,Telegram
304,Instagram
305,Reddit
306,Telegram
307,Telegram
308,Telegram
309,X
310,X
311,Facebook
312,X
313,Facebook
314,X
315,Reddit
316,Facebook
317,X
318,Reddit
319,X
320,Instagram
321,Instagram
322,Reddit
323,Telegram
324,Telegram
325,Instagram
326,Instagram
327,Telegram
328,Facebook
329,Telegram
330,X
331,Facebook
332,X
333,Instagram
334,Facebook
335,X
336,X
337,Facebook
338,Reddit
339,Telegram
340,X
341,Telegram
342,Telegram
343,Instagram
344,Telegram
345,X
346,Instagram
347,Facebook
348,X
349,Instagram
350,Instagram
351,Telegram
352,Facebook
353,X
354,X
355,Telegram
356,Facebook
357,X
358,Facebook
359,X
360,Telegram
361,Reddit
362,X
363,Instagram
364,Instagram
365,Reddit
366,X
367,Instagram
368,Instagram
369,X
370,Facebook
371,X
372,Facebook
373,Reddit
374,Telegram
375,Reddit
376,Telegram
377,Instagram
378,Instagram
379,Instagram
380,Facebook
381,Telegram
382,Instagram
383,X
384,Telegram
385,Telegram
386,Facebook
387,Reddit
388,Facebook
389,Instagram
390,X
391,X
392,Instagram
393,X
394,Facebook
395,Facebook
396,Instagram
397,X
398,Telegram
399,Reddit
400,Telegram
401,Facebook
402,Facebook
403,Facebook
404,Facebook
405,Reddit
406,Instagram
407,Facebook
408,X
409,Reddit
410,Facebook
411,X
412,Facebook
413,Instagram
414,Reddit
415,Instagram
416,Reddit
417,Facebook
418,Facebook
419,Reddit
420,X
421,X
422,Facebook
423,Facebook
424,Instagram
425,Facebook
426,Reddit
427,X
428,X
429,Instagram
430,X
431,X
432,Telegram
433,Reddit
434,Telegram
435,X
436,Instagram
437,Instagram
438,X
439,Facebook
440,Telegram
441,X
442,Instagram
443,Instagram
444,Telegram
445,Reddit
446,X
447,X
448,Reddit
449,Telegram
450,Telegram
451,Instagram
452,Reddit
453,Telegram
454,Facebook
455,X
456,Instagram
457,Reddit
458,Instagram
459,Telegram
460,Telegram
461,Facebook
462,X
463,Reddit
464,Instagram
465,X
466,Telegram
467,X
468,Instagram
469,X
470,Telegram
471,X
472,Reddit
473,X
474,Reddit
475,X
476,Telegram
477,Facebook
478,Facebook
479,Reddit
480,Reddit
481,Facebook
482,Telegram
483,Telegram
484,X
485,Reddit
486,Telegram
487,Instagram
488,X
489,X
490,Facebook
491,Reddit
492,Telegram
493,Telegram
494,X
495,Reddit
496,Reddit
497,Reddit
498,Facebook
499,Telegram
500,Reddit
501,Facebook
502,Instagram
503,X
504,Telegram
505,Telegram
506,X
507,Instagram
508,Facebook
509,X
510,Facebook
511,Facebook
512,Facebook
513,Instagram
514,Instagram
515,Facebook
516,Reddit
517,Telegram
518,Instagram
519,Reddit
520,Reddit
521,Telegram
522,Facebook
523,Reddit
524,Reddit
525,Reddit
526,Facebook
527,Facebook
528,Instagram
529,Instagram
530,Reddit
531,Facebook
532,Facebook
533,Telegram
534,Reddit
535,Instagram
536,Telegram
537,Facebook
538,Instagram
539,Reddit
540,Facebook
541,Reddit
542,Telegram
543,Telegram
544,Telegram
545,X
546,Reddit
547,Telegram
548,Telegram
549,Reddit
550,Telegram
551,Reddit
552,Facebook
553,Reddit
554,Reddit
555,X
556,Facebook
557,X
558,Telegram
559,Reddit
560,Facebook
561,X
562,Reddit
563,Instagram
564,X
565,Facebook
566,X
567,X
568,X
569,Telegram
570,Instagram
571,Facebook
572,Facebook
573,Facebook
574,Reddit
575,Facebook
576,Facebook
577,Instagram
578,Reddit
579,Reddit
580,X
581,Telegram
582,Reddit
583,Reddit
584,Instagram
585,Facebook
586,Reddit
587,Reddit
588,Telegram
589,Instagram
590,Telegram
591,Reddit
592,Reddit
593,Instagram
594,X
595,X
596,Reddit
597,Reddit
598,Telegram
599,Telegram
600,Telegram
601,Facebook
602,Reddit
603,Facebook
604,X
605,Reddit
606,Reddit
607,Instagram
608,Reddit
609,X
610,Reddit
611,Facebook
612,Reddit
613,Facebook
614,Telegram
615,Telegram
616,Instagram
617,Reddit
618,Telegram
619,Telegram
620,Instagram
621,Instagram
622,Reddit
623,Facebook
624,Reddit
625,Facebook
626,Instagram
627,X
628,Reddit
629,X
630,Facebook
631,Reddit
632,X
633,X
634,Reddit
635,X
636,Reddit
637,X
638,Instagram
639,Reddit
640,Instagram
641,Telegram
642,Instagram
643,X
644,Facebook
645,Instagram
646,Instagram
647,Instagram
648,Facebook
649,Facebook
650,Instagram
651,Telegram
652,Facebook
653,Facebook
654,Facebook
655,Reddit
656,Instagram
657,Telegram
658,Facebook
659,Reddit
660,X
661,X
662,Facebook
663,Telegram
664,Telegram
665,Instagram
666,Facebook
667,X
668,Instagram
669,Telegram
670,Instagram
671,X
672,Telegram
673,Reddit
674,Reddit
675,Facebook
676,Instagram
677,Telegram
678,Facebook
679,Instagram
680,X
681,Telegram
682,Instagram
683,Telegram
684,Instagram
685,X
686,Telegram
687,Reddit
688,X
689,Instagram
690,Telegram
691,X
692,Instagram
693,Reddit
694,Reddit
695,Instagram
696,Reddit
697,X
698,Reddit
699,Facebook
700,Reddit
701,Facebook
702,Telegram
703,X
704,Telegram
705,Telegram
706,Reddit
707,Reddit
708,Reddit
709,Telegram
710,X
711,X
712,Facebook
713,Instagram
714,X
715,Reddit
716,Facebook
717,Reddit
718,Telegram
719,Telegram
720,Reddit
721,X
722,Instagram
723,Reddit
724,X
725,Facebook
726,Reddit
727,Facebook
728,X
729,X
730,X
731,X
732,Telegram
733,X
734,Telegram
735,Instagram
736,Telegram
737,Facebook
738,Instagram
739,Facebook
740,Reddit
741,Reddit
742,Telegram
743,Facebook
744,Reddit
745,Reddit
746,Reddit
747,Instagram
748,Instagram
749,X
750,Facebook
751,Reddit
752,Facebook
753,X
754,Telegram
755,X
756,Reddit
757,Telegram
758,Telegram
759,X
760,Reddit
761,Telegram
762,X
763,X
764,Reddit
765,X
766,X
767,X
768,Facebook
769,Instagram
770,Facebook
771,X
772,Instagram
773,Telegram
774,Facebook
775,Facebook
776,Facebook
777,Reddit
778,X
779,Telegram
780,Telegram
781,Telegram
782,X
783,Instagram
784,Facebook
785,X
786,Facebook
787,X
788,Facebook
789,X
790,Instagram
791,Telegram
792,Facebook
793,X
794,Instagram
795,Instagram
796,Telegram
797,X
798,Facebook
799,Reddit
800,Instagram
801,Instagram
802,Telegram
803,X
804,Reddit
805,Reddit
806,Reddit
807,X
808,Facebook
809,Instagram
810,X
811,Reddit
812,Instagram
813,Instagram
814,Reddit
815,Reddit
816,Instagram
817,Telegram
818,Instagram
819,Facebook
820,Facebook
821,Telegram
822,X
823,Instagram
824,Facebook
825,Instagram
826,Telegram
827,Reddit
828,Telegram
829,Telegram
830,Telegram
831,Facebook
832,Telegram
833,Reddit
834,Reddit
835,Reddit
836,X
837,Telegram
838,Reddit
839,X
840,Telegram
841,Telegram
842,Instagram
843,Telegram
844,Instagram
845,Facebook
846,Facebook
847,X
848,Instagram
849,Facebook
850,Facebook
851,Facebook
852,Telegram
853,Instagram
854,Facebook
855,Instagram
856,Reddit
857,Reddit
858,Telegram
859,Reddit
860,X
861,Instagram
862,Facebook
863,X
864,X
865,Reddit
866,Instagram
867,Facebook
868,X
869,Telegram
870,Facebook
871,Reddit
872,Instagram
873,Telegram
874,Facebook
875,Facebook
876,X
877,Facebook
878,Instagram
879,Instagram
880,Facebook
881,X
882,Telegram
883,Telegram
884,X
885,Reddit
886,Instagram
887,Reddit
888,X
889,Reddit
890,X
891,Telegram
892,Telegram
893,Reddit
894,Reddit
895,Instagram
896,Telegram
897,Instagram
898,Reddit
899,X
900,Telegram
901,X
902,Instagram
903,Instagram
904,Facebook
905,Telegram
906,Telegram
907,Instagram
908,X
909,Telegram
910,Instagram
911,Facebook
912,Reddit
913,Telegram
914,Reddit
915,X
916,Facebook
917,Telegram
918,Reddit
919,Reddit
920,Instagram
921,Reddit
922,X
923,Reddit
924,X
925,X
926,Instagram
927,Facebook
928,X
929,Reddit
930,Reddit
931,X
932,Reddit
933,Telegram
934,Instagram
935,Reddit
936,Instagram
937,X
938,X
939,X
940,Instagram
941,Reddit
942,Telegram
943,Instagram
944,Telegram
945,Reddit
946,Reddit
947,Instagram
948,Facebook
949,Telegram
950,X
951,Telegram
952,Reddit
953,Reddit
954,Instagram
955,Facebook
956,X
957,Telegram
958,Facebook
959,X
960,Reddit
961,Reddit
962,Instagram
963,Instagram
964,Telegram
965,Facebook
966,Facebook
967,X
968,Telegram
969,Instagram
970,Telegram
971,Reddit
972,Instagram
973,Facebook
974,Instagram
975,Reddit
976,Instagram
977,Facebook
978,Reddit
979,X
980,Telegram
981,X
982,Reddit
983,Reddit
984,Reddit
985,Facebook
986,Reddit
987,Telegram
988,Facebook
989,Reddit
990,Facebook
991,Telegram
992,Telegram
993,Facebook
994,Instagram
995,X
996,Reddit
997,X
998,Telegram
999,X
1000,Instagram
1001,X
1002,X
1003,Telegram
1004,Telegram
1005,Reddit
1006,Facebook
1007,Reddit
1008,Telegram
1009,Reddit
1010,X
1011,X
1012,Telegram
1013,Telegram
1014,Reddit
1015,Reddit
1016,X
1017,Facebook
1018,Facebook
1019,Telegram
1020,Reddit
1021,Facebook
1022,Reddit
1023,Instagram
1024,X
1025,Reddit
1026,Reddit
1027,Reddit
1028,Facebook
1029,Reddit
1030,Instagram
1031,Facebook
1032,Telegram
1033,Telegram
1034,X
1035,Instagram
1036,Reddit
1037,Instagram
1038,Telegram
1039,Reddit
1040,Instagram
1041,Facebook
1042,Reddit
1043,Facebook
1044,Instagram
1045,Reddit
1046,X
1047,X
1048,Telegram
1049,Reddit
1050,Instagram
1051,X
1052,Telegram
1053,Reddit
1054,X
1055,Reddit
1056,Telegram
1057,Instagram
1058,Telegram
1059,Instagram
1060,Facebook
1061,X
1062,Facebook
1063,Instagram
1064,Reddit
1065,Instagram
1066,Instagram
1067,Reddit
1068,Facebook
1069,X
1070,Instagram
1071,Instagram
1072,X
1073,Instagram
1074,X
1075,X
1076,X
1077,Reddit
1078,Facebook
1079,Facebook
1080,Telegram
1081,Reddit
1082,Telegram
1083,Facebook
1084,Facebook
1085,Facebook
1086,Instagram
1087,Telegram
1088,Reddit
1089,Telegram
1090,Facebook
1091,Reddit
1092,Telegram
1093,Facebook
1094,Facebook
1095,Reddit
1096,X
1097,Reddit
1098,X
1099,Instagram
1100,Reddit
1101,X
1102,Telegram
1103,Facebook
1104,Instagram
1105,Reddit
1106,X
1107,Telegram
1108,X
1109,Reddit
1110,X
1111,Reddit
1112,X
1113,Facebook
1114,Reddit
1115,Reddit
1116,Instagram
1117,Facebook
1118,Reddit
1119,Telegram
1120,X
1121,Telegram
1122,X
1123,X
1124,Instagram
1125,Reddit
1126,X
1127,Instagram
1128,Telegram
1129,Instagram
1130,Telegram
1131,Reddit
1132,X
1133,Facebook
1134,Telegram
1135,X
1136,Facebook
1137,Facebook
1138,Telegram
1139,X
1140,Facebook
1141,Instagram
1142,Instagram
1143,X
1144,Reddit
1145,Instagram
1146,Telegram
1147,X
1148,Facebook
1149,Instagram
1150,X
1151,X
1152,Reddit
1153,Facebook
1154,Facebook
1155,Facebook
1156,Telegram
1157,X
1158,Telegram
1159,Telegram
1160,X
1161,Facebook
1162,X
1163,Reddit
1164,X
1165,X
1166,Instagram
1167,Reddit
1168,Instagram
1169,Facebook
1170,Facebook
1171,Reddit
1172,Telegram
1173,X
1174,Instagram
1175,Reddit
1176,Instagram
1177,X
1178,Telegram
1179,Instagram
1180,Reddit
1181,X
1182,X
1183,Telegram
1184,Reddit
1185,X
1186,Instagram
1187,Facebook
1188,Reddit
1189,Instagram
1190,Telegram
1191,Telegram
1192,X
1193,Telegram
1194,Facebook
1195,Instagram
1196,Reddit
1197,X
1198,Reddit
1199,Instagram
1200,Facebook
1201,Instagram
1202,Instagram
1203,X
1204,Reddit
1205,Instagram
1206,Instagram
1207,Facebook
1208,Telegram
1209,Facebook
1210,Reddit
1211,Reddit
1212,X
1213,Telegram
1214,Reddit
1215,Telegram
1216,Facebook
1217,Reddit
1218,Instagram
1219,Reddit
1220,Telegram
1221,Reddit
1222,X
1223,Instagram
1224,X
1225,Facebook
1226,Reddit
1227,Reddit
1228,Facebook
1229,X
1230,Instagram
1231,X
1232,Telegram
1233,X
1234,Instagram
1235,Reddit
1236,X
1237,Facebook
1238,Instagram
1239,Reddit
1240,Instagram
1241,Facebook
1242,Telegram
1243,Instagram
1244,Instagram
1245,X
1246,Facebook
1247,Facebook
1248,Telegram
1249,Facebook
1250,Instagram
1251,Telegram
1252,Facebook
1253,Telegram
1254,Facebook
1255,Facebook
1256,X
1257,Facebook
1258,Telegram
1259,Instagram
1260,X
1261,Facebook
1262,Facebook
1263,Telegram
1264,X
1265,Facebook
1266,Instagram
1267,Instagram
1268,Facebook
1269,Instagram
1270,X
1271,Facebook
1272,Telegram
1273,X
1274,Instagram
1275,Facebook
1276,X
1277,Instagram
1278,Facebook
1279,Reddit
1280,Telegram
1281,Instagram
1282,Instagram
1283,Reddit
1284,Reddit
1285,X
1286,Telegram
1287,Telegram
1288,Instagram
1289,Reddit
1290,Telegram
1291,Facebook
1292,Telegram
1293,Instagram
1294,Telegram
1295,X
1296,Reddit
1297,Instagram
1298,Instagram
1299,Reddit
1300,Reddit
1301,Reddit
1302,Instagram
1303,Reddit
1304,Reddit
1305,Instagram
1306,Instagram
1307,X
1308,Telegram
1309,Facebook
1310,Instagram
1311,Facebook
1312,X
1313,Telegram
1314,Telegram
1315,Telegram
1316,X
1317,Reddit
1318,Telegram
1319,Telegram
1320,X
1321,Reddit
1322,Telegram
1323,Telegram
1324,Reddit
1325,Instagram
1326,Instagram
1327,Telegram
1328,Facebook
1329,Reddit
1330,Reddit
1331,Facebook
1332,Reddit
1333,X
1334,Reddit
1335,Reddit
1336,Reddit
1337,Instagram
1338,X
1339,Reddit
1340,X
1341,X
1342,X
1343,Facebook
1344,Reddit
1345,Instagram
1346,Instagram
1347,Instagram
1348,Instagram
1349,Reddit
1350,Instagram
1351,X
1352,Facebook
1353,Telegram
1354,Instagram
1355,Telegram
1356,Telegram
1357,Telegram
1358,X
1359,Instagram
1360,Reddit
1361,X
1362,Reddit
1363,Instagram
1364,X
1365,Telegram
1366,X
1367,X
1368,Instagram
1369,Telegram
1370,Telegram
1371,Facebook
1372,Facebook
1373,Reddit
1374,Facebook
1375,Instagram
1376,X
1377,Telegram
1378,X
1379,Instagram
1380,X
1381,Telegram
1382,Facebook
1383,Reddit
1384,Telegram
1385,Telegram
1386,Telegram
1387,Telegram
1388,Instagram
1389,Telegram
1390,X
1391,Instagram
1392,Facebook
1393,X
1394,X
1395,X
1396,X
1397,Instagram
1398,Facebook
1399,Facebook
1400,Telegram
1401,Reddit
1402,Instagram
1403,Facebook
1404,Instagram
1405,Instagram
1406,Telegram
1407,Facebook
1408,Reddit
1409,Reddit
1410,Reddit
1411,X
1412,Facebook
1413,X
1414,X
1415,X
1416,Telegram
1417,Telegram
1418,Instagram
1419,Instagram
1420,Facebook
1421,Facebook
1422,Telegram
1423,Instagram
1424,Instagram
1425,X
1426,Reddit
1427,Reddit
1428,Reddit
1429,Telegram
1430,Reddit
1431,Reddit
1432,X
1433,Facebook
1434,Telegram
1435,Instagram
1436,X
1437,Reddit
1438,Instagram
1439,X
1440,Telegram
1441,Reddit
1442,Telegram
1443,X
1444,Instagram
1445,Facebook
1446,Reddit
1447,Telegram
1448,Instagram
1449,Instagram
1450,Facebook
1451,X
1452,Facebook
1453,Facebook
1454,X
1455,X
1456,X
1457,Instagram
1458,Instagram
1459,Reddit
1460,Reddit
1461,Facebook
1462,Facebook
1463,Reddit
1464,Telegram
1465,Facebook
1466,Telegram
1467,Telegram
1468,X
1469,Instagram
1470,Reddit
1471,Instagram
1472,Reddit
1473,Instagram
1474,Reddit
1475,Instagram
1476,X
1477,Telegram
1478,Reddit
1479,Telegram
1480,Reddit
1481,Reddit
1482,X
1483,Instagram
1484,Reddit
1485,Instagram
1486,X
1487,Facebook
1488,Telegram
1489,Reddit
1490,X
1491,Instagram
1492,Reddit
1493,Instagram
1494,Facebook
1495,Reddit
1496,Telegram
1497,Reddit
1498,Telegram
1499,Instagram
1500,Reddit
1501,X
1502,X
1503,Facebook
1504,X
1505,Facebook
1506,Instagram
1507,Telegram
1508,Instagram
1509,Telegram
1510,Telegram
1511,Facebook
1512,X
1513,X
1514,Facebook
1515,Facebook
1516,Instagram
1517,Facebook
1518,X
1519,Facebook
1520,Facebook
1521,Telegram
1522,Facebook
1523,Instagram
1524,Facebook
1525,Reddit
1526,Reddit
1527,Telegram
1528,Telegram
1529,Reddit
1530,Telegram
1531,Telegram
1532,X
1533,X
1534,Facebook
1535,Reddit
1536,Instagram
1537,Reddit
1538,Reddit
1539,X
1540,X
1541,Telegram
1542,Instagram
1543,X
1544,Telegram
1545,Instagram
1546,X
1547,Reddit
1548,Reddit
1549,Instagram
1550,Instagram
1551,X
1552,X
1553,Instagram
1554,Instagram
1555,Telegram
1556,Telegram
1557,Telegram
1558,Reddit
1559,Reddit
1560,Telegram
1561,Telegram
1562,Instagram
1563,Reddit
1564,Telegram
1565,Facebook
1566,X
1567,Telegram
1568,Reddit
1569,Telegram
1570,Facebook
1571,Instagram
1572,Reddit
1573,Instagram
1574,X
1575,Instagram
1576,Telegram
1577,Facebook
1578,Instagram
1579,Facebook
1580,Reddit
1581,Reddit
1582,Telegram
1583,Telegram
1584,Telegram
1585,Facebook
1586,X
1587,X
1588,X
1589,Reddit
1590,Reddit
1591,X
1592,Telegram
1593,Instagram
1594,X
1595,Instagram
1596,X
1597,Instagram
1598,Telegram
1599,Reddit
1600,X
1601,X
1602,Telegram
1603,Facebook
1604,X
1605,Instagram
1606,Telegram
1607,Facebook
1608,X
1609,X
1610,Reddit
1611,Facebook
1612,Telegram
1613,Instagram
1614,X
1615,Telegram
1616,Reddit
1617,X
1618,Facebook
1619,Telegram
1620,Instagram
1621,Reddit
1622,Telegram
1623,X
1624,Instagram
1625,X
1626,X
1627,Facebook
1628,Facebook
1629,X
1630,Reddit
1631,Facebook
1632,Facebook
1633,Facebook
1634,Facebook
1635,Instagram
1636,X
1637,Instagram
1638,Telegram
1639,Telegram
1640,Telegram
1641,Instagram
1642,X
1643,Telegram
1644,Facebook
1645,Telegram
1646,Reddit
1647,Facebook
1648,Facebook
1649,Facebook
1650,Telegram
1651,Facebook
1652,Reddit
1653,Instagram
1654,Reddit
1655,X
1656,Facebook
1657,Reddit
1658,Telegram
1659,X
1660,Reddit
1661,Facebook
1662,Telegram
1663,Facebook
1664,X
1665,Reddit
1666,Facebook
1667,X
1668,Telegram
1669,Reddit
1670,Reddit
1671,X
1672,Reddit
1673,Telegram
1674,Telegram
1675,Reddit
1676,Facebook
1677,Facebook
1678,Telegram
1679,Facebook
1680,X
1681,Instagram
1682,Reddit
1683,X
1684,Telegram
1685,Instagram
1686,Telegram
1687,Instagram
1688,X
1689,Instagram
1690,Facebook
1691,X
1692,Reddit
1693,Telegram
1694,Facebook
1695,Reddit
1696,Instagram
1697,Facebook
1698,Reddit
1699,X
1700,Instagram
1701,Reddit
1702,Instagram
1703,Reddit
1704,Telegram
1705,X
1706,Facebook
1707,Reddit
1708,Instagram
1709,X
1710,Facebook
1711,Instagram
1712,X
1713,Instagram
1714,X
1715,Facebook
1716,Facebook
1717,Instagram
1718,X
1719,Reddit
1720,Facebook
1721,Reddit
1722,Reddit
1723,Telegram
1724,Instagram
1725,Instagram
1726,Instagram
1727,X
1728,Facebook
1729,Facebook
1730,Telegram
1731,Telegram
1732,Telegram
1733,Reddit
1734,Instagram
1735,X
1736,Facebook
1737,X
1738,Instagram
1739,Instagram
1740,Facebook
1741,Reddit
1742,Telegram
1743,Reddit
1744,Instagram
1745,Instagram
1746,Reddit
1747,Telegram
1748,Telegram
1749,Instagram
1750,Telegram
1751,Telegram
1752,Facebook
1753,Facebook
1754,X
1755,Reddit
1756,Instagram
1757,Telegram
1758,X
1759,Facebook
1760,Telegram
1761,Reddit
1762,Facebook
1763,Instagram
1764,Telegram
1765,X
1766,Instagram
1767,Telegram
1768,Telegram
1769,Telegram
1770,Telegram
1771,Telegram
1772,Instagram
1773,Reddit
1774,Reddit
1775,Instagram
1776,Reddit
1777,X
1778,X
1779,Instagram
1780,X
1781,Instagram
1782,X
1783,Facebook
1784,Instagram
1785,Telegram
1786,X
1787,Facebook
1788,Instagram
1789,X
1790,Telegram
1791,X
1792,Facebook
1793,Reddit
1794,Reddit
1795,Facebook
1796,Facebook
1797,Instagram
1798,Reddit
1799,Instagram
1800,X
1801,Facebook
1802,Instagram
1803,Facebook
1804,Instagram
1805,X
1806,X
1807,Telegram
1808,Reddit
1809,Telegram
1810,Reddit
1811,X
1812,Instagram
1813,Facebook
1814,X
1815,X
1816,Instagram
1817,X
1818,X
1819,Instagram
1820,X
1821,Reddit
1822,Reddit
1823,Reddit
1824,Reddit
1825,X
1826,Facebook
1827,Reddit
1828,Reddit
1829,X
1830,Telegram
1831,X
1832,Instagram
1833,Reddit
1834,Instagram
1835,Reddit
1836,Telegram
1837,Facebook
1838,Telegram
1839,X
1840,X
1841,Instagram
1842,Instagram
1843,X
1844,X
1845,X
1846,Reddit
1847,Telegram
1848,Reddit
1849,Facebook
1850,Reddit
1851,X
1852,Reddit
1853,Instagram
1854,X
1855,Telegram
1856,Reddit
1857,X
1858,Instagram
1859,Instagram
1860,Reddit
1861,X
1862,Telegram
1863,Facebook
1864,Instagram
1865,Facebook
1866,Telegram
1867,Reddit
1868,Instagram
1869,Facebook
1870,Instagram
1871,Facebook
1872,X
1873,X
1874,Reddit
1875,Telegram
1876,Instagram
1877,Telegram
1878,Facebook
1879,Reddit
1880,X
1881,X
1882,Reddit
1883,Instagram
1884,Telegram
1885,Facebook
1886,Telegram
1887,X
1888,Reddit
1889,X
1890,X
1891,Facebook
1892,Instagram
1893,Instagram
1894,Facebook
1895,Reddit
1896,Telegram
1897,Reddit
1898,Telegram
1899,Instagram
1900,X
1901,X
1902,Reddit
1903,Facebook
1904,Telegram
1905,X
1906,Reddit
1907,Facebook
1908,Instagram
1909,Facebook
1910,Instagram
1911,Reddit
1912,Facebook
1913,Reddit
1914,Instagram
1915,X
1916,X
1917,Instagram
1918,Telegram
1919,Telegram
1920,X
1921,X
1922,Facebook
1923,Facebook
1924,X
1925,Telegram
1926,Facebook
1927,Instagram
1928,Facebook
1929,Facebook
1930,Facebook
1931,Reddit
1932,Instagram
1933,X
1934,Telegram
1935,Telegram
1936,X
1937,Reddit
1938,Telegram
1939,Facebook
1940,Telegram
1941,Instagram
1942,Instagram
1943,X
1944,Reddit
1945,Reddit
1946,Telegram
1947,Reddit
1948,Reddit
1949,Telegram
1950,Instagram
1951,Facebook
1952,X
1953,Instagram
1954,Reddit
1955,Reddit
1956,Telegram
1957,X
1958,Facebook
1959,Telegram
1960,Telegram
1961,Facebook
1962,Facebook
1963,Reddit
1964,Telegram
1965,Instagram
1966,Instagram
1967,Telegram
1968,Facebook
1969,X
1970,Facebook
1971,Facebook
1972,X
1973,Facebook
1974,X
1975,Telegram
1976,X
1977,Instagram
1978,X
1979,Facebook
1980,Telegram
1981,X
1982,Facebook
1983,X
1984,Telegram
1985,Telegram
1986,Instagram
1987,Telegram
1988,Facebook
1989,Telegram
1990,Telegram
1991,Facebook
1992,Facebook
1993,Telegram
1994,Telegram
1995,X
1996,Telegram
1997,Instagram
1998,Instagram
1999,Instagram
2000,Instagram
2001,Telegram
2002,X
2003,Facebook
2004,Telegram
2005,Reddit
2006,Telegram
2007,Instagram
2008,Reddit
2009,Telegram
2010,X
2011,X
2012,Reddit
2013,Facebook
2014,Reddit
2015,X
2016,Reddit
2017,Instagram
2018,Instagram
2019,Facebook
2020,Reddit
2021,Reddit
2022,Reddit
2023,Reddit
2024,Facebook
2025,X
2026,Telegram
2027,Facebook
2028,X
2029,X
2030,X
2031,Reddit
2032,Facebook
2033,X
2034,Telegram
2035,Telegram
2036,Instagram
2037,X
2038,Facebook
2039,Reddit
2040,Instagram
2041,X
2042,Reddit
2043,Facebook
2044,Facebook
2045,Instagram
2046,Instagram
2047,X
2048,Reddit
2049,Telegram
2050,Reddit
2051,Facebook
2052,Facebook
2053,X
2054,Telegram
2055,X
2056,Facebook
2057,Facebook
2058,Reddit
2059,Telegram
2060,Reddit
2061,Reddit
2062,X
2063,Reddit
2064,Instagram
2065,Instagram
2066,Reddit
2067,Telegram
2068,Reddit
2069,Facebook
2070,Facebook
2071,Telegram
2072,X
2073,Instagram
2074,Instagram
2075,X
2076,Reddit
2077,Telegram
2078,Reddit
2079,X
2080,Telegram
2081,Instagram
2082,Instagram
2083,Reddit
2084,Facebook
2085,X
2086,X
2087,Reddit
2088,X
2089,Instagram
2090,Reddit
2091,Instagram
2092,Telegram
2093,Telegram
2094,Facebook
2095,X
2096,Telegram
2097,X
2098,Instagram
2099,Reddit
2100,Telegram
2101,Reddit
2102,Telegram
2103,X
2104,Telegram
2105,Telegram
2106,Instagram
2107,Facebook
2108,Instagram
2109,Reddit
2110,X
2111,X
2112,Telegram
2113,X
2114,Facebook
2115,Facebook
2116,Telegram
2117,Telegram
2118,Reddit
2119,Telegram
2120,Instagram
2121,Instagram
2122,Instagram
2123,Facebook
2124,X
2125,Reddit
2126,Telegram
2127,Reddit
2128,Facebook
2129,Telegram
2130,Telegram
2131,Facebook
2132,X
2133,Telegram
2134,X
2135,Facebook
2136,Reddit
2137,Telegram
2138,X
2139,Telegram
2140,X
2141,Telegram
2142,Telegram
2143,Telegram
2144,Reddit
2145,Telegram
2146,X
2147,Reddit
2148,Instagram
2149,X
2150,X
2151,Instagram
2152,Reddit
2153,Telegram
2154,X
2155,Instagram
2156,Telegram
2157,Reddit
2158,X
2159,Telegram
2160,Telegram
2161,Facebook
2162,Instagram
2163,Telegram
2164,Reddit
2165,Facebook
2166,Telegram
2167,Telegram
2168,Reddit
2169,Facebook
2170,Facebook
2171,Instagram
2172,Telegram
2173,Instagram
2174,Facebook
2175,Instagram
2176,Reddit
2177,X
2178,Reddit
2179,Facebook
2180,Reddit
2181,Facebook
2182,Reddit
2183,Telegram
2184,Telegram
2185,Reddit
2186,Instagram
2187,Facebook
2188,Telegram
2189,Facebook
2190,Telegram
2191,X
2192,Reddit
2193,Telegram
2194,Reddit
2195,X
2196,Facebook
2197,Reddit
2198,Telegram
2199,X
2200,Telegram
2201,X
2202,X
2203,Telegram
2204,Reddit
2205,Facebook
2206,Facebook
2207,X
2208,Telegram
2209,X
2210,Facebook
2211,X
2212,X
2213,Facebook
2214,Reddit
2215,X
2216,Reddit
2217,X
2218,Telegram
2219,X
2220,X
2221,Instagram
2222,Telegram
2223,Telegram
2224,Reddit
2225,Reddit
2226,X
2227,Facebook
2228,X
2229,Instagram
2230,X
2231,Instagram
2232,X
2233,Reddit
2234,X
2235,Reddit
2236,Facebook
2237,Facebook
2238,Telegram
2239,X
2240,Telegram
2241,X
2242,Facebook
2243,Instagram
2244,Telegram
2245,Telegram
2246,Facebook
2247,Facebook
2248,Instagram
2249,Telegram
2250,Facebook
2251,Facebook
2252,Instagram
2253,Instagram
2254,Reddit
2255,X
2256,Reddit
2257,Instagram
2258,Facebook
2259,Instagram
2260,Telegram
2261,Facebook
2262,Reddit
2263,Reddit
2264,Reddit
2265,Facebook
2266,X
2267,X
2268,X
2269,Instagram
2270,Instagram
2271,Telegram
2272,Facebook
2273,Telegram
2274,Instagram
2275,Facebook
2276,Reddit
2277,Facebook
2278,Instagram
2279,Reddit
2280,Reddit
2281,Facebook
2282,X
2283,Instagram
2284,Instagram
2285,X
2286,Telegram
2287,Telegram
2288,Instagram
2289,X
2290,X
2291,Reddit
2292,Telegram
2293,Telegram
2294,Reddit
2295,Facebook
2296,Telegram
2297,Reddit
2298,X
2299,Facebook
2300,Instagram
2301,X
2302,Facebook
2303,Reddit
2304,X
2305,Facebook
2306,Instagram
2307,X
2308,X
2309,Telegram
2310,Facebook
2311,Facebook
2312,Telegram
2313,Reddit
2314,Reddit
2315,Telegram
2316,X
2317,Instagram
2318,Reddit
2319,Instagram
2320,Facebook
2321,Facebook
2322,Reddit
2323,X
2324,Facebook
2325,Instagram
2326,X
2327,Reddit
2328,Facebook
2329,Reddit
2330,X
2331,X
2332,X
2333,Telegram
2334,Telegram
2335,Instagram
2336,X
2337,X
2338,Facebook
2339,Instagram
2340,Instagram
2341,Reddit
2342,X
2343,Facebook
2344,Reddit
2345,Telegram
2346,X
2347,Instagram
2348,X
2349,X
2350,Telegram
2351,Facebook
2352,Facebook
2353,Facebook
2354,Reddit
2355,Facebook
2356,Reddit
2357,Telegram
2358,X
2359,Reddit
2360,Telegram
2361,Reddit
2362,Telegram
2363,Facebook
2364,Facebook
2365,Telegram
2366,Instagram
2367,Telegram
2368,Reddit
2369,Telegram
2370,X
2371,Instagram
2372,Telegram
2373,Instagram
2374,Instagram
2375,Telegram
2376,Telegram
2377,Facebook
2378,Telegram
2379,Telegram
2380,Facebook
2381,Facebook
2382,X
2383,Telegram
2384,Reddit
2385,Instagram
2386,Facebook
2387,Telegram
2388,Reddit
2389,Instagram
2390,Telegram
2391,Reddit
2392,Instagram
2393,Reddit
2394,Facebook
2395,Telegram
2396,Reddit
2397,Reddit
2398,Telegram
2399,Instagram
2400,Telegram
2401,Reddit
2402,X
2403,Instagram
2404,Reddit
2405,X
2406,Instagram
2407,Facebook
2408,Telegram
2409,Instagram
2410,Instagram
2411,Reddit
2412,X
2413,Instagram
2414,Telegram
2415,Instagram
2416,Instagram
2417,Reddit
2418,Instagram
2419,X
2420,Reddit
2421,Facebook
2422,Facebook
2423,Reddit
2424,X
2425,Reddit
2426,Reddit
2427,Reddit
2428,Reddit
2429,Instagram
2430,Telegram
2431,Facebook
2432,X
2433,Instagram
2434,Facebook
2435,Telegram
2436,Reddit
2437,Telegram
2438,Facebook
2439,Facebook
2440,Instagram
2441,Instagram
2442,X
2443,Reddit
2444,Telegram
2445,Reddit
2446,Telegram
2447,Reddit
2448,Facebook
2449,Facebook
2450,Reddit
2451,X
2452,Facebook
2453,X
2454,Facebook
2455,Instagram
2456,Instagram
2457,Reddit
2458,Telegram
2459,Instagram
2460,Facebook
2461,Facebook
2462,Instagram
2463,Instagram
2464,Telegram
2465,Instagram
2466,Reddit
2467,Telegram
2468,Instagram
2469,Facebook
2470,Instagram
2471,Reddit
2472,Reddit
2473,Facebook
2474,Telegram
2475,Facebook
2476,Instagram
2477,Facebook
2478,Telegram
2479,X
2480,Facebook
2481,Telegram
2482,X
2483,Telegram
2484,Telegram
2485,X
2486,Facebook
2487,X
2488,Facebook
2489,Telegram
2490,Facebook
2491,Reddit
2492,X
2493,X
2494,Instagram
2495,Telegram
2496,Telegram
2497,Facebook
2498,Reddit
2499,Telegram
2500,Reddit
